Rating,Date,Review Text,Review Title,Is Helpful,Not Helpful
5,"Sep 03, 2021","Easy process with full transparency, auto draft and funding make everything smooth, great company!",Great company and easy process,0,0
5,"Sep 03, 2021",The application process was simple and straight forward. Acquiring this loan will help to increase my credit score and overall credit performance. Thank you Upstart for this opportunity without having an ideal credit score!,Very satisfied,0,0
5,"Sep 03, 2021",wow it was so easy to get my loan 1 2 3,wow,0,0
5,"Sep 03, 2021",This was the quickest and easiest loan application I have ever done. Not sure when the money enters my account though,happy happy happy,0,0
5,"Sep 03, 2021","NEVER BEEN SO EASY TO GET A LOAN. THEY WILL GET YOU APPROVED FAST!!!!! IF YOU NEED A LOAN, TRY UPSTART. QUICK AND EASY",VERY HELPFUL,0,0
5,"Sep 03, 2021",The process was so fast and easy! Would highly recommend them!,Great Company,0,0
5,"Sep 03, 2021",It was fast and easy. Very helpful,Best service,0,0
5,"Sep 03, 2021",There was a little mess up but they fixed it right away! The people I talked to where very helpful,Very helpful people,0,0
5,"Sep 03, 2021",Super quick and easy,Review,0,0
5,"Sep 03, 2021",great to borrow from. i can pay my credit cards off,did everything on line,0,0
5,"Sep 03, 2021",Everyone I talked with helped me through this process and were very helpful and professional. Good job!,Quick and painless,0,0
5,"Sep 03, 2021",Fast and easy,Fast and easy,0,0
5,"Sep 02, 2021",Super easy super fast I have my money on the same day,Easy,0,0
5,"Sep 02, 2021","The application process was simple and easy to follow. The follow-up was prompt, courteous and very professional.",5 Stars!,0,0
5,"Sep 02, 2021",Application was easy and understanding,Machine Operator,0,0
5,"Sep 02, 2021",Repeat customer here. fast and easy way to apply for a loan.,great company,0,0
3,"Sep 02, 2021",PLEASE BE AWARE ! All though the process was easy This is a HARD Inquiry and it lowered my credit score IMMEDIATELY. How can I trust Credit Karma's suggestions when they say soft inquiry and there is NO CUSTOMER SERVICE. Try it and you will see that you hit a WALL getting in contact with anyone at CK.,HARD INQUIRY Dropped my Score,0,0
5,"Sep 02, 2021","Wow what can I say. I have never applied for a loan and without talking to anyone was approved and had my money within an hour! Unbelievable, way to go Upstart!",SpeedyLoan,0,0
5,"Sep 02, 2021",I will recommend Upstart to everyone I know.,Very easy and fast,0,0
5,"Sep 02, 2021","OMG, this was the simplest loan process out of my over 60years of life that I have ever experienced! Simple. fast, and not a lot of paperwork or extra questions. Did I mention great customer service. Thank you so much!!!!!!!!!",Super easy and fast!,0,0
5,"Sep 03, 2021",the application process is simple and straight-forward and the verification instructions were easy to navigate. I will apply with them again if I need a loan.,HappyCustomer,0,0
5,"Sep 03, 2021",Very pleasant representative,excellent service,0,0
5,"Sep 02, 2021",The process was easy and without any hassles. Customer service was excellent and it was not a long drawn out process! Got approved in 24 hrs and funds available next day! I’d recommend this company over any traditional bank…rates were good!,Great Experience!,0,0
5,"Sep 02, 2021","Application process was very easy. No prepayment penalty, which is a bonus",Easy Process,0,0
5,"Sep 02, 2021",Very efficient. Responds in a timely manner. Painless process,Loan approval,0,0
5,"Sep 02, 2021",I applied for a loan and within minutes they were able to verify my information and approve me for the amount I requested.,Top Notch Loan Process,0,0
5,"Sep 02, 2021",Very simple straight forward application process. I will be able to cut down on all my payments. Thank you,Easy Peasy,0,0
5,"Sep 02, 2021",Credit Karma has been so financially educational to me and provided a recommendation to help build my credit with Upstart! Upstart is a savior in credit revival. They do a soft credit check to understand where you are at financially and then go to work to help. I will definitely re-review at the end of my experience but so far so good! I highly recommend.,Rebuilding credit after a divorce!,0,0
5,"Sep 02, 2021",Nice people . Or systembecause everything was smooth and quick . They approved my loan . Good people thank you.,This bank helped me a lot,0,0
5,"Sep 02, 2021",Fast and efficient,Highway recommend,0,0
4,"Sep 02, 2021",An easy and safe loan. They provide all the information upfront.,Thank you Upstart,0,0
5,"Sep 02, 2021",The application was easy. I was able to choose my monthly payments & my loan term. Definitely recommend,Easy process,0,0
5,"Sep 02, 2021","Simple terms and simple repayment. They give you up to 5 years to repay, and if you're smart when taxes come in you just pay it off in full.",Better than others out there,0,0
5,"Sep 02, 2021",The process was quick and easy.,Consolidation Loan,0,0
5,"Sep 02, 2021","Process was easy, reps were friendly, and they really helped me out of a bind. I would recommend them. The do charge an origination fee and their interest rate is a little high but you can decide if you want three years or five years to repay. I would recommend them",initial review,0,0
5,"Sep 02, 2021",Fast easy love the rates,Amazing,0,0
5,"Sep 02, 2021","Had been stressing about how I was going to pay some bills, now that stress is reduced because of Upstart. Plus I’m able to take care of some other stuff .",Terrific,0,0
5,"Sep 02, 2021","I got approval for 3,860 it was a easy process and very quick",Approve for loan,0,0
5,"Sep 02, 2021","I wasn't able to get a smaller loan, but it worked better getting the higher loan. I will be saving about $300 a month now.",The process was quick and painless,0,0
1,"Sep 02, 2021","They strung me along for two weeks, asking for additional and redundant documentation for one thing. I got messages saying my application was in the final stage of review, then spoke to a representative who said it hadn't been reviewed at all yet. Meanwhile, I applied to another loan company and was approved the same day, and with a lower interest rate than Upstart. Funds were in my account the next day.",Lengthy Process,0,0
5,"Sep 02, 2021","AMAZING application process, interest rates are a little high but it’s a perfect opportunity for a fresh start.",Best there is,0,0
5,"Sep 02, 2021",Fast processing. Website easily navigated. Approved my loan quickly even though I already had an existing loan with them. Thanks guys.,Another great experience with Upstart.,0,0
5,"Sep 02, 2021",So quick and easy I was very happy with the application process,My loan,0,0
5,"Sep 01, 2021",Service was excellent and process was easy.,A happy customer,0,0
5,"Sep 01, 2021",Excellent service and strong follow up to make credit beyyer,Credit karma Upstatt,0,0
5,"Sep 01, 2021",Fast and easy process!,Easy,0,0
5,"Sep 01, 2021",Excellent and easy to understand the process from beginning to end,Honestly,0,0
5,"Sep 01, 2021",Approved in 20 minutes - proceeds deposited the same day.,Awesome!,0,0
5,"Sep 01, 2021",Great company!!,Wonderful,0,0
5,"Sep 01, 2021","very easy to do, I was in between pay checks and they were there for me",quick and easy,0,0
5,"Sep 01, 2021",Applied on Sunday had the money in my account Tuesday morning! Oh my credit score jumped over 120 points!,Happy!,0,0
5,"Sep 01, 2021",Upstart is very professional. There rates and payments are very reasonable,Exceptional Service,0,0
5,"Sep 01, 2021","Never had one issue with them, it was super smooth process. Great lender by far.",Great lender!,0,0
5,"Sep 01, 2021",Easy process to get approved. I was able to pay off so much debt with this!,Awesome!,0,0
5,"Sep 01, 2021",Fast with no hassle,Easy,0,0
5,"Sep 01, 2021",Very simple process. Thank you.,Great experience,0,0
5,"Sep 01, 2021",fast process and easy!!!,wow!,0,0
5,"Sep 01, 2021",The process is so easy and I love that they don't run a hard check on credit report until after you've been approved. Great customer service too!,Fast and easy,0,0
5,"Sep 01, 2021",They are thorough and quick would highly recommend if,Loan,0,0
5,"Sep 01, 2021","Excellent quick process. Funded what I needs very quickly,",Great Process. Easy and secure.,0,0
5,"Sep 01, 2021","Didn't expect to be approved, but I was.",Really easy,0,0
5,"Sep 01, 2021",Quick and easy,Highly recommend,0,0
5,"Sep 01, 2021","I got approved for 6,000.",awesome,0,0
5,"Sep 01, 2021",Quick and easy. They really understand customer needs. High quality service.,We needed a vacation!!,0,0
5,"Sep 01, 2021","Fast, convenient and easy. From filling out the application to funding.",Fast and easy,0,0
5,"Sep 01, 2021",Upstart was fast decisive and funded within minutes! The whole process was clear and transparent! Highly Recommended!,Upstart are Highly Recommended!,0,0
5,"Sep 01, 2021",The application process was extremely easy and easy to understand.,Great experience so far!,0,0
5,"Sep 01, 2021",Quick and easy application. Easy instructions on-line with no difficulty--Thanks a million,Quick and easy,0,0
4,"Sep 01, 2021","Was a welcome relief when I needed a loan. The interest rate is a little high, but the terms are affordable. Easy to use and not a long waiting period to get an offer.",Easy to do,0,0
5,"Sep 01, 2021",I was stressed out being behind with bills because I got sick. Thankfully I came across Upstart. I was approved with a loan within 3 days.,Quick and easy.,0,0
5,"Sep 01, 2021",Just thankful,Pretty hard,0,0
5,"Sep 01, 2021",The process was fast and easy. I was approved for more than I needed with a decent interest rate and low payment. I am using this loan as an opportunity to consolidate my debt and continue to rebuild my credit. I'm thankful Upstart is giving me this loan.,"Fast, easy and thankful for Upstart",0,0
5,"Sep 01, 2021","Fantastic application and approval process, effective and efficient. Thank you.",Fantastic,0,0
5,"Aug 31, 2021",A true blessing in disguise. This loan is going to help me get back on track . Just when I thought the chips were down ! A huge thank you to the people at upstart.,A lifesaver !!!,0,0
5,"Aug 31, 2021",Fast and efficient.,Dana I,0,0
5,"Aug 31, 2021",I needed to consolidate debt badly. the timing and ease of this application took a weight off of my shoulders. I was approved for a reasonable loan with reasonable terms. Some people just need this help and I will make right on this opportunity!,Relieved,0,0
5,"Aug 31, 2021",This lender is an easy way to pay off debt and help you save money. I received a great interest rate (16.9%) based on my credit rating and am able to have automatic payments from my checking account each month. They make it easy to do business with them!,Easy to work with,0,0
5,"Aug 31, 2021",I got thru credit karma which has help me in many ways and got me thru you guys (upstart ) which got me approve of the loan to help me with my credit cards !! Everything was went well and when I finished paying this loan in good manners I hope I can’t count on them for future loans !! Thank u upstart !!,Excellent,0,0
5,"Aug 31, 2021",The process was fast and easy. I decided to apply since credit karma kept suggesting different lenders. Glad I gave them a try. I just knew I would get denied. But the approval happened within minutes. Thankfully I can consolidate some of my debt now.,Fast and easy,0,0
5,"Aug 31, 2021","The application process was fast and the funds were received very quickly. The banking app was very easy to use and self explainitory. I really like the app, you can see everything about your loan, very clairvoyant. I had no problems and didn't have to use customer service but the website was like customer service in itself.",Very good experience,0,0
5,"Aug 31, 2021","Very quick, painless and extremely understanding when other lenders were not.",Very Happy Customer,0,0
5,"Aug 31, 2021",Very easy to apply and I love the fact they called me to discuss the amount and make sure it was what I needed.,Ease of mind,0,0
5,"Aug 31, 2021",Very fast and easy,fast,0,0
5,"Aug 31, 2021",Even with a blemished credit score these guys were awesome in getting me the loan that I needed. It feels like this company is giving me a second chance thanks UpStart for giving me this opportunity!!!!,Second chance,0,0
5,"Aug 31, 2021",very fast and fair,great,0,0
5,"Aug 31, 2021",Thanks FinWise Bank and UpStart for giving me the help I needed. Most of my Banks that I have Bank with over the years won't even lend me a cent. All it took was a few minutes and a smart. Its good to see that there are people out there that really cares about what you are going through especially times like this.,Thats ma Bank!!!,0,0
5,"Aug 31, 2021",Fast and easy! Great terms - what more is there!,Good Deal,0,0
5,"Aug 31, 2021",Amazing lender who provides an excellent service with fantastic customer service….the ease of use is better than anything I have ever experienced financially,Amazing lender and so easy,0,0
5,"Aug 31, 2021",I received awesome customer service. The process was easy and very helpful. would recommend to anyone needing a loan!,Great experience!,0,0
5,"Aug 31, 2021",Very easy to work with and quick processing,Great company!,0,0
5,"Aug 31, 2021","Easy, fast process!","Easy, fast process!",0,0
5,"Aug 31, 2021",It was really easy to compare the rates and apply for the loan.,Nervous and excited at the same time.,0,0
5,"Aug 31, 2021",I am a senior citizen on social security and I did not think I had a very good chance of bring approved but I was and on the same day I applied. very happy,Great experience,0,0
4,"Aug 31, 2021",I got approved very quickly. The application process was very easy and the customer service was excellent.,Good Loan for People with Low Credit Scores,0,0
5,"Aug 30, 2021",Great process!,Awesome!,0,0
5,"Aug 30, 2021",Very quick and easy,Great,0,0
5,"Aug 30, 2021","Staff was very nice and professional, got me in and out in a breeze",Quick and fast,0,0
5,"Aug 30, 2021",I am lousy at the computer but was able to do everything that was asked of me so I am Seoul’s recommend upstart to anyone,Fantastic,0,0
4,"Aug 30, 2021","Easy to navigate and quick. While the amount was not what I needed to get me out of the red, it helped because it was fast. I needed more to cover all cost and get me out of debt, but was not approved for that amount. However, the rapid nature of the loan bought me time, so I'm grateful for that.",Quick and Easy,0,0
5,"Aug 30, 2021",Very easy to apply I got approved in minutes,Very good,0,0
5,"Aug 30, 2021",Amazing service. Fast and smooth,Wanted to consolidate debt and get lower rates,0,0
5,"Aug 30, 2021",Upstart really helped me during a rough time for me financially. I’m so thankful some stress has been lifted off of me.,Great last option for me,0,0
5,"Aug 30, 2021","I feel like Upstart just saved my life. Seriously. What a relief. I really did not want to be forced to borrow from a risky loan company with terrible rates, but often left with no choice because of an extreme financial hardship the last 2 years that have really dropped me under. Upstart considers more than just your credit score and if you have already taken a loan with them and been on time with your payments they prove to be loyal and will let you borrow again. This is going to really get me out of a terrible situation and I feel blessed. The application and approval process only took a minute or two and I just received an email that my funds will be available to my bank account tomorrow. What a wonderful service this has been.","Bad credit not a problem, upstart saved me.",0,0
5,"Aug 30, 2021",It was such an easy process and customer service was fantastic.,Highly recommend,0,0
5,"Aug 30, 2021",Fast approval time.,Loan,0,0
5,"Aug 30, 2021",So easy!! Very quick!!,Quick!,0,0
4,"Aug 30, 2021",Simple and easy,Easy-to-use,0,0
5,"Aug 30, 2021",They were very easy to work with and it took very little time to get my approval!,Great!,0,0
5,"Aug 30, 2021",Easy to work with and get setup. No fine print or hidden fees.,Recommended for personal loans,0,0
5,"Aug 30, 2021","Everything was so easy and fast y loved it, thank you",Great app,0,0
5,"Aug 30, 2021",Upstart offered what others wouldn’t. Giving Me an opportunity to consolidate and rebuild from the Covid setback.,Break through from the Setbacks,0,0
5,"Aug 30, 2021","They do a wonderful job in trying their hardest to help a person out, like me.",Awesome,0,0
5,"Aug 30, 2021",EXCELLENT CUSTOMER SERVICE,FAST RESPONSE AND EXCELLENT CUSTOMER SERVICE,0,0
5,"Aug 30, 2021",I really love how quick they help you. Will continue to use in future loan processes,Highly recommend,0,0
5,"Aug 29, 2021",Out if work for 8 months due to COVID. Have been working again for the last 7 months but burned through my savings and added debt. I needed a boost to get me through until I can catch up. Yes the interest rate is high but I can refinance later. The process was quick and easy and I was approved within minutes,Quick and easy to understand and use,0,0
5,"Aug 29, 2021",Honestly this is my first time getting a loan. I can’t believe I got approved so fast. Very thankful that they were able to approve and help me in this time of need.,Thank you!,0,0
5,"Aug 29, 2021",Fast loan process. Appreciate their transparency about having to pay all the interest back even if you pay off early. Good avenue for people with less then excellent credit.,Fast loan process,0,0
5,"Aug 29, 2021",Consolidating some finances to help with monthly charges and interest. Got approved.,Super easy,0,0
5,"Aug 28, 2021",Wow! Fast! I was approved right away!!,Highy recommend,0,0
5,"Aug 28, 2021",It was so easy to do the online application and approved in minutes,It's easy secure and fast,0,0
5,"Aug 28, 2021",Quick and Easy. All I needed was a bank account,Very Simple Process,0,0
5,"Aug 28, 2021",I got approved and I'm grateful this loan will get me on the right track! Thank you Upstart again!,On the Right Track,0,0
5,"Aug 28, 2021",Very easy! Helpful!,Great,0,0
5,"Aug 28, 2021","The process was easy, quick and super helpful",Helpful,0,0
5,"Aug 28, 2021",Great company- so easy to use. Even without a great credit score. Thankful !!!,Simple and Fair,0,0
5,"Aug 27, 2021",Very thankful that the loan was approved so quickly. Helped me out in a moment of need.,Easy,0,0
5,"Aug 27, 2021",I received excellent customer service; the process was easy and representatives were extremely helpful either via phone or email.,excellent,0,0
5,"Aug 26, 2021",I never dreamed I would be approved. I'm so excited to be rid of some horrible pay day loans!,The make it so fast and easy!,0,0
5,"Aug 26, 2021",Very quick and professional,Was satisfied with all of the loan process .,0,0
5,"Aug 26, 2021",It was just amazing easy and able to do everything online I got approved same day. So grateful and happy. Thank you Upstart.,Just amazing loved the help customer service line.,0,0
5,"Aug 26, 2021","Up and Standing Company fantastic Experience , Very Professional Staff",Outstanding,0,0
5,"Aug 26, 2021",Only got what I need from them to pay off credit cards. Just so I can have a little extra money. It was such a great decision for me.,Great,0,0
5,"Aug 26, 2021",I do not have the best credit but I was able to get approved for my personal loan. They understand that bad things happen to good people and give you a second chance.,"Quick, easy and done",0,0
5,"Aug 26, 2021",Only complaint to approve me! Long wait time to speak to someone but they called back quick,Quick and easy,0,0
5,"Aug 26, 2021",Upstart was very professional they came thru for me helping me with my credit,Upstart your credit,0,0
5,"Aug 26, 2021",Customer service was so helpful knowledgeable,Excellent,0,0
5,"Aug 26, 2021",Very fast process. The staff was very friendly. No hidden fees. Everything upfront and open for you to see. Will use again.,Fast and Uncomplicated,0,0
5,"Aug 25, 2021",Very easy and so helpful.,Cash,0,0
5,"Aug 25, 2021",The process is seem less and very easy. I had questions which were quickly answered. Lo on all Upstart gave me an opportunity to get out of a bind and make a business investment that will change my lifestyle!,Easy easy,0,0
5,"Aug 25, 2021",I’m am extremely pleased with your service and process. You were very professional and always answered my questions in a timely manner.,Great experience,0,0
5,"Aug 25, 2021","Process was quick and easy, nearly instantly took a lot of stress off my shoulders.",Quick and easy process,0,0
4,"Aug 25, 2021",It was fast and easy and Lord knows how it came in handy after having such a not so good month,Faithful,0,0
5,"Aug 25, 2021","Super quick and easy to talk to. They require a 5 minute verification call when you first put in an inquiry for the loan. The lady I talk to was super nice and funny. Extremely pleased with knowing that no hard credit was pulled until the actual acceptance of the loan and being able to see my rates before hand. I had some questions being military, as well as some questions regarding paying off early and how they handled that. Overall, a very great service.",Great customer service,0,0
5,"Aug 25, 2021","Absolutely stunned at how easy this was. Origination fee is high but this will help me consolidate some debt and lower my monthly payments. It took less than 10 minutes and my money is already on its way to my account. Monthly payment is super affordable too. Just honestly, kinda speechless at how simple this was.",So Simple I'm Stunned,0,0
5,"Aug 25, 2021",I was just approved a minute ago I couldn’t be happier to wipe out my high interest & high balance credit cards. I’m hoping funds come quickly they say today or tomorrow,So far so good,0,0
5,"Aug 25, 2021","Honestly, the easiest process ever. I recommend them to anyone looking to correct a credit situation.",Awesome,0,0
5,"Aug 25, 2021","The whole process was very fast and easy! You get a response in seconds. They take your education and length of employment into consideration, not just your credit.",Very User Friendly,0,0
5,"Aug 25, 2021","I was able to get my approval within minutes of filling out at the applicable information. HOWEVER I took less than what I was approved for. Make sure you can afford the monthly payment, don’t do anything dumb and try to get more just because you can.",Fast and Easy,0,0
5,"Aug 25, 2021",Easy application process and quick final decision. Good website for payment and loan management. Was able to get a good rate as well.,Would choose Upstart again!,0,0
5,"Aug 25, 2021",Excellent company to work with,Great,0,0
5,"Aug 25, 2021",Amazing. Approval was instant. The 5 min call representative was great!,Amazing,0,0
5,"Aug 25, 2021",Thankful for these types of lenders that believe in customer loyalty.,Incredible!,0,0
5,"Aug 25, 2021",Upstart is very helpful and help me get through my application I called him several times they’re very polite and understanding I will recommend upstart to anyone thank you,It was a very good experience with upstart,0,0
5,"Aug 25, 2021",very helpful,excellent,0,0
5,"Aug 25, 2021",Fast and quick with an approval!!! Have used them in the past and will continue to do so! Awesome!,Simply awesome,0,0
5,"Aug 25, 2021","Thank you, this was very quick and easy to complete.",Great,0,0
5,"Aug 25, 2021",This was the easiest most convenient way to take out a loan. They have a very friendly site and they’re very user-friendly.,Great place to get a loan.,0,0
5,"Aug 25, 2021",Easy process customer service was above and beyond helpful,Terrific,0,0
5,"Aug 25, 2021",The process was easy and fast.,Had some questions called and spoke to an agent.,0,0
5,"Aug 25, 2021","fast, convenient,",fasr convenient,0,0
5,"Aug 25, 2021",Quick easy and no hassle,Smooth and stress free,0,0
5,"Aug 25, 2021",Great way to get your credit going in the right direction while paying off credit cards and investing in yourself.,They came thru,0,0
5,"Aug 25, 2021",It was quick and easy to apply and get funded. A call to support and the lady was very good and helpful.,Getting a loan,0,0
5,"Aug 25, 2021",Upstart was so helpful in getting my loan to go through. It was a fast and easy process. Customer service was outstanding and I would recommend this company highly!!,Very good company to work with,0,0
5,"Aug 24, 2021",Great super easy from start to finish,Smooth,0,0
5,"Aug 24, 2021",Great service,Awesome,0,0
5,"Aug 24, 2021",Although the process can be very difficult they have a call center contact that are amazing. I found that with upstart they give you plenty of options to choose from and it’s a great choice especially when needing help in these tough times. Highly recommend 10/10 for anyone who needs something small or big to help out.,Worth the process,0,0
5,"Aug 24, 2021",Very user friendly and honest.,Great Customer Service,0,0
5,"Aug 24, 2021",Very easy process,Simple,0,0
5,"Aug 24, 2021","Thank you soooo much for the loan, upstart is quick, easy to apply, they are amazing!!! Thank you, thank you, thank you!!",Fast and simple,0,0
5,"Aug 24, 2021","There are lower interest rates out there, but if you can’t qualify for them due to credit rating, I would highly recommend this company.",Great Company,0,0
5,"Aug 24, 2021",fast and easy,AWESOME,0,0
5,"Aug 24, 2021","Super easy to apply. Needed a small loan for unexpected costs, and they sent me an approval in minutes. Thank you so much for the quick response!",Easy process,0,0
5,"Aug 24, 2021",This is a Great company. The process was simple and easy. I recommend to any and everyone.,Excellent and Easy!,0,0
5,"Aug 24, 2021","Very quick, simple and transparent application process.",Quick and easy,0,0
5,"Aug 24, 2021","A competent and efficacious execution of the loan process; pretty much effortless, decisive and painless. A professional and cordial aspect of lending.",Upstart loans eschew the inimical,0,0
5,"Aug 24, 2021",Holy crap everyone filled out an app with upstart was literally approved in minutes can’t believe it!! Thank you!!,Went through without a hitch!! Great Job!!,0,0
5,"Aug 26, 2021",Excellent service. Very helpful through the process,Great experience,0,0
5,"Aug 26, 2021",The process for securing a personal loan was super quick and I could do it all over the internet. They make it so easy! Thank you!,Personal loan,2,0
5,"Aug 26, 2021",Fast and professional. Allowed me to play off my debt and lower my monthly payments.,Fast and professional.,0,0
5,"Aug 26, 2021","This is my second loan with upstart and both times it's been a easy process, the costumer support are very helpful",2 Loan,0,0
5,"Aug 26, 2021",It was very easy to get approved with Upstart. You get the money in minutes max an hour I highly recommend for new comers to upstart before looking for other lenders.,Easy Process,0,0
5,"Aug 26, 2021",This was a very simple and great experience. The representative we super helpful they called when there was a change in status or if documents were needed. Very polite and tried to get things done quickly so there wasn't a delay. They were also very respectful of my work schedule when I told them I couldn't talk at certain times and always called back when I was free to talk,A great and simple experience,0,0
5,"Aug 26, 2021",The rates and the process is amazing!!,Adjuster,0,0
5,"Aug 26, 2021","Through an Upstart debt consolidation loan, I was able to greatly reduce the interest loan on my debt, saving me thousands in the long run. Upstart gave me an opportunity to save money when others wouldn't. I highly recommend them!",Highly Recommend,0,0
5,"Aug 26, 2021",The process was very easy and took about 15 minutes altogether.,Fast and Easy Process,0,0
5,"Aug 26, 2021",This lender was amazing,Good experience,0,0
5,"Aug 25, 2021",They are fast and easy and don’t care if you pay off your loan early.,10/10,0,0
5,"Aug 25, 2021",It was fast and easy.,Would recommend,0,0
5,"Aug 25, 2021",They were quick to help when I was in a pinch1,Fast Service,0,0
5,"Aug 25, 2021",Upstart representatives were very helpful. The loan process was easy. The representative did not try to pressure me into buying any other services.,Easy process and no pressure,0,0
5,"Aug 25, 2021",Fast and easy! Got exactly what I wanted,Definitely recommend,0,0
5,"Aug 25, 2021",Great way to get your credit going in the right direction while paying off credit cards and investing in yourself.,They came thru,1,0
5,"Aug 23, 2021","Upstart is a good loan if you have low/fair credit. The interest rates are high but for small loans (under 12,000) they are great for building credit. The loan process can take a little bit but they do approve more than usual loans.",Good for poor/fair credit,0,0
5,"Aug 23, 2021","no hassle, loan approved to consolidate all my credit cards with a low monthly payment, giving me the option to payoff early with no penalties",debt consoladation,0,0
5,"Aug 23, 2021",Great,Great!,0,0
5,"Aug 23, 2021",This process was fast and easy and I get my $$$ in 1 day!,Fast and easy,0,0
5,"Aug 23, 2021",The thing I love about Upstart is they don't charge fees for paying off early and it's a good place to start for first timers on personal loans. Build up a relationship with Upstart and you'll go places in long run.,Easy and Simple way to get a personal loan.,0,0
5,"Aug 23, 2021",I filled out loan application and tada,Quick & easy,0,0
5,"Aug 23, 2021",Fast and easy,Easy to use quick response,0,0
5,"Aug 23, 2021",The process was quick and easy with fast results. Thislender helped me out a lot.,CK Member,0,0
5,"Aug 23, 2021",very easy to apply without hassle. i would recommend to anyone.,satisfied,0,0
5,"Aug 23, 2021",A Highly Recommended Financial Institute Easy sign up process and reasonable monthly payments,Great Service,0,0
5,"Aug 23, 2021",Was a quick and easy process People write ugly reviews for there problems that they created. You get out of life what you put into,My experience with Upstart was AWESOME!!,0,0
4,"Aug 23, 2021",I got approved for a 5500 loan and will be able to pay off nearly all of my credit cards and watch my score go up. In the frustrating parts of the process Upstart folks helped me think more positive about the process. Recommend them.,wasnt sure I made the right decision but am happy,0,0
5,"Aug 22, 2021",They approved me with no difficulty just needed basic info.,Got what i needed.,0,0
5,"Aug 22, 2021","I cannot even explain the joy that I am feeling. I got approved for 10,000K, but will not be using all of it.They are not loan sharks compared to other loan companies. The rates are reasonable and the payment amounts are more than affordable. The process was very quick and simple. I am more than satisfied with Upstart.",Very Satisfied Customer,0,0
5,"Aug 22, 2021",I needed a loan no questions ask got approved,Fast and easy,0,0
5,"Aug 22, 2021",This process was so quick. I love that you can pay off the balance early as well to avoid the full APR payment. Honestly I could cry. I have been working hard to pay down but this will definitely help me get there faster.,Happy So Far,0,0
5,"Aug 22, 2021",Quick to respond,Easy and successful,0,0
5,"Aug 22, 2021",Quick and easy,awesome,0,0
5,"Aug 22, 2021",Great way to pay back my credit debt.,Great,0,0
5,"Aug 22, 2021","Great process and full transparency during. Only nit pick and it is a small one, be careful of the documents you upload, if you upload a document unintentionally, you can’t delete it. Other than that, seamless process and these folks work weekends? I got called on a Sunday which was way better than fielding calls during my busy workweek. Great job. I expect to pay this loan off in 7 months, not 5 years.",Transparency from a lender! Amazing,0,0
5,"Aug 22, 2021",Trust me on this one. They will help you. Just do the right thing.,Super easy to do,0,0
5,"Aug 22, 2021",Easy to work with!! Great experience! Would work with them again.,Great experience,0,0
5,"Aug 22, 2021",Fast and easy to use! Very clear contract details and verification.,Great service and fast response.,0,0
5,"Aug 22, 2021",Very simple process. They helped me out when others wouldn't. Low payments. Would definitely use them again.,Great Experience,0,0
5,"Aug 22, 2021",Upstart changed my life,Upstart changed my life,0,0
5,"Aug 22, 2021",Easy to apply,Great,0,0
5,"Aug 22, 2021",Super easy process. Definitely recommending this to anyone.,Easy process,0,0
5,"Aug 22, 2021","Easy, fast process. Detailed description and payment plan of each loan offer I qualified for, good communication during application process. Every time I spoke to a customer service representative they were polite and very patient","Bad Credit, Good Consolidation Loan",0,0
5,"Aug 22, 2021","I applied for a loan and was shocked to see that it was approved since all the other banks that I’ve loaned from have declined me. It was fast, efficient, and easy to apply.",Approved and easy when not expecting to be approve,0,0
5,"Aug 21, 2021",Satisfaction with the Service,Satisfied,0,0
5,"Aug 21, 2021","Upstart is the best loaning place out there it’s fast, quick and easy but the best part is that u get the money in minutes max an hour I highly recommend for new comers to upstart before looking for other lenders",By far the best out there,0,0
5,"Aug 21, 2021",They first offered me more but were not able to approve that amount but gave me about half . They made the process easy,process was easy and positive,0,0
5,"Aug 21, 2021","Quick and easy, several options clearly stated",Great Experience,0,0
5,"Aug 21, 2021",Great experience overall. I got approved within minutes and can now consolidate all my credit card debt into one simple payment.,General Manager,0,0
5,"Aug 21, 2021","Excellent service, had a decision in just minutes. Great interest rate!",Great Company,0,0
5,"Aug 21, 2021",Literally helped in a time of matter of need! The process was so easy and fast.,Fast and Easy,0,0
5,"Aug 21, 2021",Very easy straight forward and quick set up consolidation loan,Quick consolidation loan.,0,0
5,"Aug 21, 2021",I was totally suprised that I was approved for the amount requested. This will allow me to pay off those stinking credit cards and get a hold of my finances. Thank you!!,Excellent,0,0
5,"Aug 21, 2021",They were very very easy to deal with!,Easy as pie,0,0
5,"Aug 21, 2021",Can't go wrong with Upstart! Very helpful,Upstart gets 5 stars!,0,0
5,"Aug 24, 2021","Very quick, simple and transparent application process.",Quick and easy,1,0
5,"Aug 24, 2021","A competent and efficacious execution of the loan process; pretty much effortless, decisive and painless. A professional and cordial aspect of lending.",Upstart loans eschew the inimical,1,0
5,"Aug 24, 2021",The process was very easy and the monthly payments are very affordable.,Greatly Satisfied.,0,0
5,"Aug 24, 2021",I have to say this was the quickest and easyest loan application that I have ever done. It was fast and now I can pay off my bills and have just 1 payment.,Loan,0,0
5,"Aug 24, 2021","Fast approval process , will help me to build and stabilize my credit",Wow is all I can say right now,0,0
5,"Aug 24, 2021","Very thankful to upstart, was able to pay off hospital bill and some credit cards. I will definitely use them again if needed and highly recommend to friends and family!",FANTASTIC!!!!!!!!!,0,0
5,"Aug 24, 2021",This is my first loan. It was very easy to apply.,Highly approved,0,0
5,"Aug 20, 2021",The lender is very understanding is easy to work with.,The process was quick and easy.,0,0
5,"Aug 20, 2021",Application process is very easy. If you are rebuilding your credit this is a great place to start. No penalty for early repayment of your loan. So far I have been able to stay one month ahead. The dashboard is easy to understand and shows your progress with each payment.,Upstart makes loans easy!,1,0
5,"Aug 20, 2021",Was a quick and easy process People write ugly reviews for there problems that they created. You get out of life what you put into it. I’m thankful for you working with me.,Grateful,0,0
5,"Aug 20, 2021",Customer service is amazing!,Smooth process!,0,0
5,"Aug 20, 2021",This was something I had been looking at for a long time. You walked me through it. Such an easy process. Thanks Upstart!,Upstart Loan for credit card debt,0,0
5,"Aug 20, 2021",Upstart was so easy to work with. Compared to other interest rates offered me theirs was the lowest.,Upstart review,0,0
5,"Aug 20, 2021",Love this company!,Mr,0,0
5,"Aug 20, 2021",Just like they advertised banks have denied me to help me with a loan to consolidate my debt but upstart thank you very much for the help much appreciated!!,Awesome,0,0
5,"Aug 20, 2021",Approved next day! Sent to account in 1 business day!,Great,0,0
5,"Aug 20, 2021","Very easy to use and has a very fast turn around. Also, automatic repayment takes a lot of stress off monthly bills planning snd paying.",Normal people friendly,0,0
5,"Aug 20, 2021",is easy to apply and to get approve,Love it,0,0
4,"Aug 20, 2021",Love it!!!!,Nice and easy,0,0
5,"Aug 20, 2021",Quick easy and secure. I am not very tech savvy but I found this easy to understand and was very satisfied with the security and info disclosed.,Easy,0,0
1,"Aug 20, 2021",Approval odds says excellent Then gets denied.,Trash company,0,0
1,"Aug 20, 2021",The process was really quick I did a little goof and the customer service helped tremendously they were quick I will definitely recommend these guys to anybody that needs any kind of services they provide,Big help,0,0
5,"Aug 20, 2021",Very easy,Wonderful,0,0
5,"Aug 20, 2021","The application process was quick and easy—I had the money I applied for within 24 hours. Additionally, paying the loan was simplified by the user-friendly website and the helpful customer service. Great experience overall.",10/10 Experience,0,0
5,"Aug 20, 2021",easy and good service.,Nice.,0,0
1,"Aug 20, 2021",I wait a week did a video upload all these papers . Got a email that said I was Approved then sign the papers to get Denied. I’m so upset right now I can’t even think straight.,Denied what bs after I was approved,0,0
5,"Aug 20, 2021",Easy application process. Great to work with.,great,0,0
5,"Aug 20, 2021",Very easy to apply and their customer support team is very friendly and helpful,the best experience I have ever had,0,0
5,"Aug 20, 2021",The lender was generous for my credit type. The loan application was simple and easy to navigate through their website.,Awesome experience,1,0
5,"Aug 19, 2021","Very nice,quick and easy",Excellent,0,0
5,"Aug 19, 2021",Easy application process,Easy questions,0,0
4,"Aug 19, 2021",They were professional and quick to respond to request.,Knowledgeable,0,0
5,"Aug 19, 2021",Upstart is fast and so easy to use.,great experience,0,0
5,"Aug 19, 2021","I even had to deal with the IT team (Due to my own error), Still very courteous and professional. I totally recommend giving it a go!",Super great customer service!,0,0
5,"Aug 19, 2021",Fast and hassle free process!! Helped when I needed it most!! Highly recommended!!,Wow!! No hassle experience!!,0,0
5,"Aug 19, 2021",They give you the opportunity to obtain financial freedom.,Wonderful!,0,0
5,"Aug 19, 2021",Approved me within a week!,Positive,0,0
5,"Aug 19, 2021",Super super easy!,Easy and Fast!,0,0
5,"Aug 19, 2021","There is no comparison or any lender out there that could come close. It was so fast, I literally cried. I would recommend anyone to use UPSTART! Now, I am on to financial freedom. I can pay off debt and have one payment every month!!!",Outstanding Experience with Upstart,0,0
5,"Aug 19, 2021",Getting approved for a loan was fast and easy. This is my second loan with them and they are very fast with depositing the money in your account.,Great,0,0
5,"Aug 19, 2021",Outstanding. Very Helpful to me and my family,Excellent,0,0
1,"Aug 19, 2021","Too many fake reviews here, their interest rate for me is 30% and my credit score was 720+ when I applied. The payments do not seem to make it go down for the love of god… Do not get any loan from upstart if you do not get a rate under 20% or less. Or you will keep putting money in their pockets in an endless loop.","Bad experience, your payments will be worthless..",1,0
5,"Aug 19, 2021",They're giving me a 2nd chance at building my credit score.,Easy,0,0
5,"Aug 19, 2021","Credit Karma suggested a loan for me and within 30 minutes Upstart loaned me $3,000 to pay off bills.",It was fast easy and secure!,0,0
5,"Aug 19, 2021","This process was user friendly from start to finish ! Excellent communication, live associates checked in on the process and guided me to completion !",Stress Free Experience,0,0
5,"Aug 19, 2021",I applied and got approved the same day Quick easy and painless The rep I spoke with was super nice,Simplest process to get a loan ever,0,0
5,"Aug 19, 2021",Just got approved easy and legit,Great,0,0
